﻿<?xml version="1.0" encoding="UTF-8"?>
<Users>
	<User ID="08883">
		<SirName>ЗУБРЕЕВ</SirName>
		<FirstName>АНТОН</FirstName>
		<PatronymicName>ЛЕОНИДОВИЧ</PatronymicName>
		<IDManager>01114</IDManager>
		<Department>Департамент систем сбора информации</Department>
		<IDDepartment>01295</IDDepartment>
		<Post>Аналитик</Post>
		<IDPost>00002</IDPost>
		<Email/>
		<Category>0</Category>
		<Discharged>0</Discharged>
		<Outside>0</Outside>
	</User>
</Users>