﻿<?xml version="1.0" encoding="UTF-8"?>
<Users>
	<User ID="08899">
		<SirName>ЗОРИН</SirName>
		<FirstName>АНДРЕЙ</FirstName>
		<PatronymicName>МИХАЙЛОВИЧ</PatronymicName>
		<IDManager>01114</IDManager>
		<Department>Департамент систем сбора информации</Department>
		<IDDepartment>01295</IDDepartment>
		<Post>Ведущий инженер-программист</Post>
		<IDPost>00267</IDPost>
		<Email/>
		<Category>0</Category>
		<Discharged>0</Discharged>
		<Outside>0</Outside>
	</User>
	<User ID="08898">
		<SirName>ЛЕСИКОВ</SirName>
		<FirstName>АНТОН</FirstName>
		<PatronymicName>АЛЕКСАНДРОВИЧ</PatronymicName>
		<IDManager>01074</IDManager>
		<Department>Отдел интеграционных решений</Department>
		<IDDepartment>01234</IDDepartment>
		<Post>инженер-программист</Post>
		<IDPost>00035</IDPost>
		<Email/>
		<Category>0</Category>
		<Discharged>0</Discharged>
		<Outside>0</Outside>
	</User>
</Users>