﻿<?xml version="1.0" encoding="UTF-8"?>
<Users>
	<User ID="08796">
		<SirName>МАШАРОВА</SirName>
		<FirstName>ТАТЬЯНА</FirstName>
		<PatronymicName>НИКОЛАЕВНА</PatronymicName>
		<IDManager>01087</IDManager>
		<Department>Департамент финансов</Department>
		<IDDepartment>01054</IDDepartment>
		<Post>Старший бухгалтер</Post>
		<IDPost>00199</IDPost>
		<Email>tmasharova@armd.ru</Email>
		<Category>3</Category>
		<Discharged>0</Discharged>
		<Outside>0</Outside>
	</User>
	<User ID="08667">
		<SirName>НАДТОЧИЙ</SirName>
		<FirstName>ТАТЬЯНА</FirstName>
		<PatronymicName>ЮРЬЕВНА</PatronymicName>
		<IDManager>06566</IDManager>
		<Department>Зам.генерального директора по финансовым вопросам (Кубай)</Department>
		<IDDepartment>01298</IDDepartment>
		<Post>генеральный директор</Post>
		<IDPost>00014</IDPost>
		<Email/>
		<Category>1</Category>
		<Discharged>0</Discharged>
		<Outside>0</Outside>
	</User>
	<User ID="08645">
		<SirName>ЧУРМАСОВА</SirName>
		<FirstName>ВИКТОРИЯ</FirstName>
		<PatronymicName>ОЛЕГОВНА</PatronymicName>
		<IDManager>01087</IDManager>
		<Department>Департамент финансов</Department>
		<IDDepartment>01054</IDDepartment>
		<Post>бухгалтер</Post>
		<IDPost>00005</IDPost>
		<Email>vgolubovich@armd.ru</Email>
		<Category>0</Category>
		<Discharged>0</Discharged>
		<Outside>0</Outside>
	</User>
</Users>