﻿<?xml version="1.0" encoding="UTF-8"?>
<Users>
	<User ID="08865">
		<SirName>КАСЬЯНЕНКО</SirName>
		<FirstName>ОЛЬГА</FirstName>
		<PatronymicName>НИКОЛАЕВНА</PatronymicName>
		<IDManager>05640</IDManager>
		<Department>Департамент комплексных проектов</Department>
		<IDDepartment>00734</IDDepartment>
		<Post>Аналитик</Post>
		<IDPost>00002</IDPost>
		<Email/>
		<Category>4</Category>
		<Discharged>0</Discharged>
		<Outside>0</Outside>
	</User>
	<User ID="08866">
		<SirName>ПОМИЛУЙКО</SirName>
		<FirstName>ДМИТРИЙ</FirstName>
		<PatronymicName>ЮРЬЕВИЧ</PatronymicName>
		<IDManager/>
		<Department>Отдел тендеров</Department>
		<IDDepartment>00804</IDDepartment>
		<Post>Главный специалист</Post>
		<IDPost>00190</IDPost>
		<Email/>
		<Category>2</Category>
		<Discharged>0</Discharged>
		<Outside>0</Outside>
	</User>
	<User ID="08868">
		<SirName>САФРОНОВ</SirName>
		<FirstName>ЕГОР</FirstName>
		<PatronymicName>ВАЛЕРЬЕВИЧ</PatronymicName>
		<IDManager>08051</IDManager>
		<Department>Отдел контент-проектов</Department>
		<IDDepartment>01314</IDDepartment>
		<Post>Руководитель проектов</Post>
		<IDPost>00285</IDPost>
		<Email/>
		<Category>6</Category>
		<Discharged>0</Discharged>
		<Outside>0</Outside>
	</User>
</Users>