﻿<?xml version="1.0" encoding="UTF-8"?>
<Users>
	<User ID="08017">
		<SirName>ЧАЛЫХ</SirName>
		<FirstName>ДАРЬЯ</FirstName>
		<PatronymicName>ЮРЬЕВНА</PatronymicName>
		<IDManager>05640</IDManager>
		<Department>Департамент комплексных проектов</Department>
		<IDDepartment>00734</IDDepartment>
		<Post>менеджер проектов</Post>
		<IDPost>00052</IDPost>
		<Email>dchalikh@armd.ru</Email>
		<Category>0</Category>
		<Discharged>1</Discharged>
		<Outside>0</Outside>
	</User>
</Users>