﻿<?xml version="1.0" encoding="UTF-8"?>
<Users>
	<User ID="08823">
		<SirName>КОРНИЛОВ</SirName>
		<FirstName>ВИКТОР</FirstName>
		<PatronymicName>АЛЕКСАНДРОВИЧ</PatronymicName>
		<IDManager>07325</IDManager>
		<Department>Отдел комплексных проектов 2 (Кузнецов)</Department>
		<IDDepartment>01171</IDDepartment>
		<Post>Аналитик</Post>
		<IDPost>00002</IDPost>
		<Email>vkornilov@armd.ru</Email>
		<Category>5</Category>
		<Discharged>0</Discharged>
		<Outside>0</Outside>
	</User>
</Users>