﻿<?xml version="1.0" encoding="UTF-8"?>
<Users>
	<User ID="08510">
		<SirName>ЯКОВЛЕВ</SirName>
		<FirstName>СЕРГЕЙ</FirstName>
		<PatronymicName>ВСЕВОЛОДОВИЧ</PatronymicName>
		<IDManager/>
		<Department>Отдел администраторов на домашнем телефоне</Department>
		<IDDepartment>01291</IDDepartment>
		<Post>Администратор на домашнем телефоне</Post>
		<IDPost>00432</IDPost>
		<Email/>
		<Category>0</Category>
		<Discharged>1</Discharged>
		<Outside>0</Outside>
	</User>
</Users>