﻿<?xml version="1.0" encoding="UTF-8"?>
<Users>
	<User ID="05649">
		<SirName>ВОЗНЯК</SirName>
		<FirstName>АНДРЕЙ</FirstName>
		<PatronymicName>ЛЕОНИДОВИЧ</PatronymicName>
		<IDManager/>
		<Department>Директор по корпоративному управлению_(Возняк)</Department>
		<IDDepartment>01312</IDDepartment>
		<Post>Заместитель генерального директора</Post>
		<IDPost>00451</IDPost>
		<Email>avoznyak@armd.ru</Email>
		<Category>5</Category>
		<Discharged>0</Discharged>
		<Outside>0</Outside>
	</User>
</Users>