﻿<?xml version="1.0" encoding="UTF-8"?>
<Users>
	<User ID="08828">
		<SirName>ЛАГУТИН</SirName>
		<FirstName>АНДРЕЙ</FirstName>
		<PatronymicName>НИКОЛАЕВИЧ</PatronymicName>
		<IDManager>01114</IDManager>
		<Department>Департамент систем сбора информации</Department>
		<IDDepartment>01295</IDDepartment>
		<Post>Аналитик</Post>
		<IDPost>00002</IDPost>
		<Email>alagutin@armd.ru</Email>
		<Category>0</Category>
		<Discharged>0</Discharged>
		<Outside>0</Outside>
	</User>
</Users>