﻿<?xml version="1.0" encoding="UTF-8"?>
<Users>
	<User ID="08839">
		<SirName>КМИТЮК</SirName>
		<FirstName>АНДРЕЙ</FirstName>
		<PatronymicName>АЛЕКСАНДРОВИЧ</PatronymicName>
		<IDManager>01087</IDManager>
		<Department>Департамент финансов</Department>
		<IDDepartment>01054</IDDepartment>
		<Post>инженер-программист</Post>
		<IDPost>00035</IDPost>
		<Email/>
		<Category>4</Category>
		<Discharged>0</Discharged>
		<Outside>0</Outside>
	</User>
</Users>