﻿<?xml version="1.0" encoding="UTF-8"?>
<Users>
	<User ID="08825">
		<SirName>ВАХРОМЕЕВ</SirName>
		<FirstName>ВИТАЛИЙ</FirstName>
		<PatronymicName>ВЛАДИМИРОВИЧ</PatronymicName>
		<IDManager>01114</IDManager>
		<Department>Департамент систем сбора информации</Department>
		<IDDepartment>01295</IDDepartment>
		<Post>Бизнес-аналитик</Post>
		<IDPost>00375</IDPost>
		<Email>vvahromeev@armd.ru</Email>
		<Category>4</Category>
		<Discharged>0</Discharged>
		<Outside>0</Outside>
	</User>
</Users>