﻿<?xml version="1.0" encoding="UTF-8"?>
<Users>
	<User ID="08863">
		<SirName>ХАРЧЕНКО</SirName>
		<FirstName>ЕГОР</FirstName>
		<PatronymicName>ИГОРЕВИЧ</PatronymicName>
		<IDManager>01088</IDManager>
		<Department>Департамент информационных систем управления (Каушанский)</Department>
		<IDDepartment>01226</IDDepartment>
		<Post>менеджер проектов</Post>
		<IDPost>00052</IDPost>
		<Email/>
		<Category>5</Category>
		<Discharged>0</Discharged>
		<Outside>0</Outside>
	</User>
</Users>