﻿<?xml version="1.0" encoding="UTF-8"?>
<Users>
	<User ID="08744">
		<SirName>СПИРИНА</SirName>
		<FirstName>ЛЮДМИЛА</FirstName>
		<PatronymicName>ПЕТРОВНА</PatronymicName>
		<IDManager>01087</IDManager>
		<Department>Департамент финансов</Department>
		<IDDepartment>01054</IDDepartment>
		<Post>секретарь</Post>
		<IDPost>00090</IDPost>
		<Email>lspirina@armd.ru</Email>
		<Category>0</Category>
		<Discharged>1</Discharged>
		<Outside>0</Outside>
	</User>
</Users>