﻿<?xml version="1.0" encoding="UTF-8"?>
<Users>
	<User ID="08685">
		<SirName>МАКАРОВА</SirName>
		<FirstName>ОЛЬГА</FirstName>
		<PatronymicName>СТЕПАНОВНА</PatronymicName>
		<IDManager>01087</IDManager>
		<Department>Департамент финансов</Department>
		<IDDepartment>01054</IDDepartment>
		<Post>Главный бухгалтер</Post>
		<IDPost>00015</IDPost>
		<Email>omakarova@armd.ru</Email>
		<Category>0</Category>
		<Discharged>1</Discharged>
		<Outside>0</Outside>
	</User>
	<User ID="08812">
		<SirName>СЕМЕНОВ</SirName>
		<FirstName>АНАТОЛИЙ</FirstName>
		<PatronymicName>АЛЕКСАНДРОВИЧ</PatronymicName>
		<IDManager>01026</IDManager>
		<Department>Департамент корпоративных продаж (Савчук)</Department>
		<IDDepartment>00747</IDDepartment>
		<Post>Директор по работе с клиентами</Post>
		<IDPost>00117</IDPost>
		<Email/>
		<Category>7</Category>
		<Discharged>0</Discharged>
		<Outside>0</Outside>
	</User>
</Users>