﻿<?xml version="1.0" encoding="UTF-8"?>
<Users>
	<User ID="08887">
		<SirName>ПОЛЕТАЕВА</SirName>
		<FirstName>ИРИНА</FirstName>
		<PatronymicName>РАГИМОВНА</PatronymicName>
		<IDManager>08349</IDManager>
		<Department>Юридический департамент</Department>
		<IDDepartment>01288</IDDepartment>
		<Post>Юрисконсульт</Post>
		<IDPost>00254</IDPost>
		<Email/>
		<Category>4</Category>
		<Discharged>0</Discharged>
		<Outside>0</Outside>
	</User>
	<User ID="07797">
		<SirName>СОЛОВЬЕВ</SirName>
		<FirstName>АЛЕКСЕЙ</FirstName>
		<PatronymicName>АЛЕКСАНДРОВИЧ</PatronymicName>
		<IDManager>01142</IDManager>
		<Department>Технический департамент</Department>
		<IDDepartment>01266</IDDepartment>
		<Post>системный администратор Юникс систем</Post>
		<IDPost>00694</IDPost>
		<Email>a.solovyov@armd.ru</Email>
		<Category>0</Category>
		<Discharged>0</Discharged>
		<Outside>0</Outside>
	</User>
</Users>