﻿<?xml version="1.0" encoding="UTF-8"?>
<Users>
	<User ID="08869">
		<SirName>ВОРОБЬЕВА</SirName>
		<FirstName>ЕКАТЕРИНА</FirstName>
		<PatronymicName>СЕРГЕЕВНА</PatronymicName>
		<IDManager>01087</IDManager>
		<Department>Департамент финансов</Department>
		<IDDepartment>01054</IDDepartment>
		<Post>бухгалтер</Post>
		<IDPost>00005</IDPost>
		<Email/>
		<Category>2</Category>
		<Discharged>0</Discharged>
		<Outside>0</Outside>
	</User>
</Users>