﻿<?xml version="1.0" encoding="UTF-8"?>
<Users>
	<User ID="08896">
		<SirName>БОЛДЕЦОВ</SirName>
		<FirstName>ДМИТРИЙ</FirstName>
		<PatronymicName>ВЯЧЕСЛАВОВИЧ</PatronymicName>
		<IDManager>08366</IDManager>
		<Department>Отдел систем сбора информации 1 (Поздняков)</Department>
		<IDDepartment>01296</IDDepartment>
		<Post>Бизнес-аналитик</Post>
		<IDPost>00375</IDPost>
		<Email/>
		<Category>0</Category>
		<Discharged>0</Discharged>
		<Outside>0</Outside>
	</User>
	<User ID="08895">
		<SirName>КАЩЕЕВ</SirName>
		<FirstName>АЛЕКСАНДР</FirstName>
		<PatronymicName>НИКОЛАЕВИЧ</PatronymicName>
		<IDManager>01088</IDManager>
		<Department>Департамент информационных систем управления (Каушанский)</Department>
		<IDDepartment>01226</IDDepartment>
		<Post>Руководитель проектов</Post>
		<IDPost>00285</IDPost>
		<Email/>
		<Category>0</Category>
		<Discharged>0</Discharged>
		<Outside>0</Outside>
	</User>
	<User ID="08839">
		<SirName>КМИТЮК</SirName>
		<FirstName>АНДРЕЙ</FirstName>
		<PatronymicName>АЛЕКСАНДРОВИЧ</PatronymicName>
		<IDManager>01087</IDManager>
		<Department>Департамент финансов</Department>
		<IDDepartment>01054</IDDepartment>
		<Post>инженер-программист</Post>
		<IDPost>00035</IDPost>
		<Email/>
		<Category>4</Category>
		<Discharged>0</Discharged>
		<Outside>0</Outside>
	</User>
	<User ID="08894">
		<SirName>ШМАЛЕНЮК</SirName>
		<FirstName>ЕВГЕНИЯ</FirstName>
		<PatronymicName>АЛЕКСАНДРОВНА</PatronymicName>
		<IDManager>07325</IDManager>
		<Department>Отдел комплексных проектов 2 (Кузнецов)</Department>
		<IDDepartment>01171</IDDepartment>
		<Post>Аналитик</Post>
		<IDPost>00002</IDPost>
		<Email/>
		<Category>0</Category>
		<Discharged>0</Discharged>
		<Outside>0</Outside>
	</User>
</Users>