﻿<?xml version="1.0" encoding="UTF-8"?>
<Users>
	<User ID="08793">
		<SirName>БУЛАХОВА</SirName>
		<FirstName>ТАМАРА</FirstName>
		<PatronymicName>ИГОРЕВНА</PatronymicName>
		<IDManager>01087</IDManager>
		<Department>Департамент финансов</Department>
		<IDDepartment>01054</IDDepartment>
		<Post>бухгалтер</Post>
		<IDPost>00005</IDPost>
		<Email>tbulahova@armd.ru</Email>
		<Category>3</Category>
		<Discharged>0</Discharged>
		<Outside>0</Outside>
	</User>
</Users>