﻿<?xml version="1.0" encoding="UTF-8"?>
<Users>
	<User ID="08833">
		<SirName>ВОДНИКОВ</SirName>
		<FirstName>КОНСТАНТИН</FirstName>
		<PatronymicName>НИКОЛАЕВИЧ</PatronymicName>
		<IDManager>08331</IDManager>
		<Department>Метатехнологии</Department>
		<IDDepartment>01313</IDDepartment>
		<Post>Аналитик</Post>
		<IDPost>00002</IDPost>
		<Email/>
		<Category>3</Category>
		<Discharged>0</Discharged>
		<Outside>0</Outside>
	</User>
	<User ID="08834">
		<SirName>ИВАНКОВА</SirName>
		<FirstName>АНАСТАСИЯ</FirstName>
		<PatronymicName>ВИКТОРОВНА</PatronymicName>
		<IDManager>00945</IDManager>
		<Department>Администрация АРМАДА СОФТ</Department>
		<IDDepartment>00731</IDDepartment>
		<Post>Менеджер по подбору персонала</Post>
		<IDPost>00478</IDPost>
		<Email/>
		<Category>4</Category>
		<Discharged>0</Discharged>
		<Outside>0</Outside>
	</User>
</Users>