﻿<?xml version="1.0" encoding="UTF-8"?>
<Users>
	<User ID="08741">
		<SirName>КОСОВ</SirName>
		<FirstName>АНТОН</FirstName>
		<PatronymicName>ГРИГОРЬЕВИЧ</PatronymicName>
		<IDManager>08331</IDManager>
		<Department>Метатехнологии</Department>
		<IDDepartment>01313</IDDepartment>
		<Post>Консультант</Post>
		<IDPost>00154</IDPost>
		<Email>akosov@armd.ru</Email>
		<Category>0</Category>
		<Discharged>1</Discharged>
		<Outside>0</Outside>
	</User>
</Users>