﻿<?xml version="1.0" encoding="UTF-8"?>
<Users>
	<User ID="08884">
		<SirName>ПАРФЕНОВА</SirName>
		<FirstName>ЮЛИЯ</FirstName>
		<PatronymicName>ВИТАЛЬЕВНА</PatronymicName>
		<IDManager>01103</IDManager>
		<Department>Отдел обеспечения качества</Department>
		<IDDepartment>01329</IDDepartment>
		<Post>Менеджер по качеству</Post>
		<IDPost>00763</IDPost>
		<Email/>
		<Category>0</Category>
		<Discharged>0</Discharged>
		<Outside>0</Outside>
	</User>
</Users>