﻿<?xml version="1.0" encoding="UTF-8"?>
<Users>
	<User ID="08683">
		<SirName>КУЗНЕЦОВА</SirName>
		<FirstName>МАРИЯ</FirstName>
		<PatronymicName>НИКОЛАЕВНА</PatronymicName>
		<IDManager>01074</IDManager>
		<Department>Отдел интеграционных решений</Department>
		<IDDepartment>01234</IDDepartment>
		<Post>Руководитель проектов</Post>
		<IDPost>00285</IDPost>
		<Email>mkuznetsova@armd.ru</Email>
		<Category>0</Category>
		<Discharged>1</Discharged>
		<Outside>0</Outside>
	</User>
	<User ID="08796">
		<SirName>МАШАРОВА</SirName>
		<FirstName>ТАТЬЯНА</FirstName>
		<PatronymicName>НИКОЛАЕВНА</PatronymicName>
		<IDManager>01087</IDManager>
		<Department>Департамент финансов</Department>
		<IDDepartment>01054</IDDepartment>
		<Post>Старший бухгалтер</Post>
		<IDPost>00199</IDPost>
		<Email>tmasharova@armd.ru</Email>
		<Category>4</Category>
		<Discharged>0</Discharged>
		<Outside>0</Outside>
	</User>
</Users>