﻿<?xml version="1.0" encoding="UTF-8"?>
<Users>
	<User ID="08775">
		<SirName>ВАСИЯРОВ</SirName>
		<FirstName>ИГОРЬ</FirstName>
		<PatronymicName>ГЕОРГИЕВИЧ</PatronymicName>
		<IDManager>08575</IDManager>
		<Department>Отдел внедрения систем управления предприятием (Титарев)</Department>
		<IDDepartment>01227</IDDepartment>
		<Post>Аналитик</Post>
		<IDPost>00002</IDPost>
		<Email>ivasiyarov@armd.ru</Email>
		<Category>4</Category>
		<Discharged>0</Discharged>
		<Outside>0</Outside>
	</User>
</Users>