﻿<?xml version="1.0" encoding="UTF-8"?>
<Users>
	<User ID="00963">
		<SirName>ЗАЙЦЕВА</SirName>
		<FirstName>АЛЕКСАНДРА</FirstName>
		<PatronymicName>СЕРГЕЕВНА</PatronymicName>
		<IDManager>01103</IDManager>
		<Department>Отдел обеспечения качества</Department>
		<IDDepartment>01329</IDDepartment>
		<Post>Аналитик</Post>
		<IDPost>00002</IDPost>
		<Email>azaitseva@armd.ru</Email>
		<Category>0</Category>
		<Discharged>0</Discharged>
		<Outside>0</Outside>
	</User>
	<User ID="08900">
		<SirName>КОРОБЕЙНИКОВ</SirName>
		<FirstName>АНТОН</FirstName>
		<PatronymicName>ВАЛЕНТИНОВИЧ</PatronymicName>
		<IDManager>01026</IDManager>
		<Department>Департамент корпоративных продаж (Савчук)</Department>
		<IDDepartment>00747</IDDepartment>
		<Post>Директор по продажам</Post>
		<IDPost>00116</IDPost>
		<Email/>
		<Category>0</Category>
		<Discharged>0</Discharged>
		<Outside>0</Outside>
	</User>
	<User ID="08901">
		<SirName>ОСТРОУХОВ</SirName>
		<FirstName>ЕВГЕНИЙ</FirstName>
		<PatronymicName>ВАЛЕРЬЕВИЧ</PatronymicName>
		<IDManager>08650</IDManager>
		<Department>Департамент региональной автоматизации государственных услуг</Department>
		<IDDepartment>01318</IDDepartment>
		<Post>инженер-программист</Post>
		<IDPost>00035</IDPost>
		<Email/>
		<Category>0</Category>
		<Discharged>0</Discharged>
		<Outside>0</Outside>
	</User>
</Users>