﻿<?xml version="1.0" encoding="UTF-8"?>
<Users>
	<User ID="08723">
		<SirName>ГРИЦАЙ</SirName>
		<FirstName>ГЕОРГИЙ</FirstName>
		<PatronymicName>АНАТОЛЬЕВИЧ</PatronymicName>
		<IDManager>00945</IDManager>
		<Department>Администрация АРМАДА СОФТ</Department>
		<IDDepartment>00731</IDDepartment>
		<Post>Директор по информационной безопасности</Post>
		<IDPost>00773</IDPost>
		<Email>gritsai@armd.ru</Email>
		<Category>0</Category>
		<Discharged>1</Discharged>
		<Outside>0</Outside>
	</User>
</Users>