﻿<?xml version="1.0" encoding="UTF-8"?>
<Users>
	<User ID="08755">
		<SirName>БЛОХИНА</SirName>
		<FirstName>ДАРЬЯ</FirstName>
		<PatronymicName>ВЛАДИМИРОВНА</PatronymicName>
		<IDManager>01114</IDManager>
		<Department>Департамент систем сбора информации</Department>
		<IDDepartment>01295</IDDepartment>
		<Post>Аналитик</Post>
		<IDPost>00002</IDPost>
		<Email>dblohina@armd.ru</Email>
		<Category>4</Category>
		<Discharged>0</Discharged>
		<Outside>0</Outside>
	</User>
	<User ID="08829">
		<SirName>БУРМИСТРОВ</SirName>
		<FirstName>СЕРГЕЙ</FirstName>
		<PatronymicName>ЮРЬЕВИЧ</PatronymicName>
		<IDManager>01088</IDManager>
		<Department>Департамент информационных систем управления (Каушанский)</Department>
		<IDDepartment>01226</IDDepartment>
		<Post>Ведущий инженер-программист</Post>
		<IDPost>00267</IDPost>
		<Email>sburmistrov@armd.ru</Email>
		<Category>6</Category>
		<Discharged>0</Discharged>
		<Outside>0</Outside>
	</User>
	<User ID="08761">
		<SirName>ВОЛКОВ</SirName>
		<FirstName>АРТЕМ</FirstName>
		<PatronymicName>ВАЛЕРЬЕВИЧ</PatronymicName>
		<IDManager>08366</IDManager>
		<Department>Отдел систем сбора информации 1 (Поздняков)</Department>
		<IDDepartment>01296</IDDepartment>
		<Post>Специалист технической поддержки</Post>
		<IDPost>00778</IDPost>
		<Email>avolkov@armd.ru</Email>
		<Category>3</Category>
		<Discharged>0</Discharged>
		<Outside>0</Outside>
	</User>
	<User ID="08532">
		<SirName>ВЯТКИНА</SirName>
		<FirstName>АНАСТАСИЯ</FirstName>
		<PatronymicName>ВАЛЕРЬЕВНА</PatronymicName>
		<IDManager>05431</IDManager>
		<Department>Планово-экономический отдел</Department>
		<IDDepartment>01319</IDDepartment>
		<Post>экономист</Post>
		<IDPost>00105</IDPost>
		<Email>avyatkina@armd.ru</Email>
		<Category>3</Category>
		<Discharged>0</Discharged>
		<Outside>0</Outside>
	</User>
	<User ID="08709">
		<SirName>ГРИШИН</SirName>
		<FirstName>РОМАН</FirstName>
		<PatronymicName>ВИКТОРОВИЧ</PatronymicName>
		<IDManager>01074</IDManager>
		<Department>Отдел интеграционных решений</Department>
		<IDDepartment>01234</IDDepartment>
		<Post>инженер-программист</Post>
		<IDPost>00035</IDPost>
		<Email>rgrishin@armd.ru</Email>
		<Category>0</Category>
		<Discharged>1</Discharged>
		<Outside>0</Outside>
	</User>
	<User ID="07233">
		<SirName>ЗАЙЦЕВ</SirName>
		<FirstName>АЛЕКСЕЙ</FirstName>
		<PatronymicName>СЕРГЕЕВИЧ</PatronymicName>
		<IDManager>00979</IDManager>
		<Department>Административно-хозяйственный департамент (СОФТ)</Department>
		<IDDepartment>01209</IDDepartment>
		<Post>Директор департамента</Post>
		<IDPost>00129</IDPost>
		<Email>azaytcev@armd.ru</Email>
		<Category>3</Category>
		<Discharged>0</Discharged>
		<Outside>0</Outside>
	</User>
	<User ID="08813">
		<SirName>КИРИЛЫЧЕВ</SirName>
		<FirstName>МАКСИМ</FirstName>
		<PatronymicName>ВАДИМОВИЧ</PatronymicName>
		<IDManager>01088</IDManager>
		<Department>Департамент информационных систем управления (Каушанский)</Department>
		<IDDepartment>01226</IDDepartment>
		<Post>Аналитик</Post>
		<IDPost>00002</IDPost>
		<Email/>
		<Category>0</Category>
		<Discharged>1</Discharged>
		<Outside>0</Outside>
	</User>
	<User ID="08772">
		<SirName>КУШАКОВА</SirName>
		<FirstName>АННА</FirstName>
		<PatronymicName>МИХАЙЛОВНА</PatronymicName>
		<IDManager>01026</IDManager>
		<Department>Департамент корпоративных продаж (Савчук)</Department>
		<IDDepartment>00747</IDDepartment>
		<Post>менеджер по маркетингу</Post>
		<IDPost>00135</IDPost>
		<Email>akushakova@armd.ru</Email>
		<Category>0</Category>
		<Discharged>1</Discharged>
		<Outside>0</Outside>
	</User>
	<User ID="08828">
		<SirName>ЛАГУТИН</SirName>
		<FirstName>АНДРЕЙ</FirstName>
		<PatronymicName>НИКОЛАЕВИЧ</PatronymicName>
		<IDManager>01114</IDManager>
		<Department>Департамент систем сбора информации</Department>
		<IDDepartment>01295</IDDepartment>
		<Post>Аналитик</Post>
		<IDPost>00002</IDPost>
		<Email>alagutin@armd.ru</Email>
		<Category>4</Category>
		<Discharged>0</Discharged>
		<Outside>0</Outside>
	</User>
	<User ID="08471">
		<SirName>ЛАНТВОЙТ</SirName>
		<FirstName>ОЛЕГ</FirstName>
		<PatronymicName>ВЛАДИМИРОВИЧ</PatronymicName>
		<IDManager>08331</IDManager>
		<Department>Метатехнологии</Department>
		<IDDepartment>01313</IDDepartment>
		<Post>Программист</Post>
		<IDPost>00662</IDPost>
		<Email>olantvoyt@armd.ru</Email>
		<Category>5</Category>
		<Discharged>0</Discharged>
		<Outside>0</Outside>
	</User>
	<User ID="08827">
		<SirName>СОЛДАТОВ</SirName>
		<FirstName>ЕВГЕНИЙ</FirstName>
		<PatronymicName>ВЛАДИМИРОВИЧ</PatronymicName>
		<IDManager>06610</IDManager>
		<Department>Отдел комплексных проектов</Department>
		<IDDepartment>01293</IDDepartment>
		<Post>Верстальщик</Post>
		<IDPost>00453</IDPost>
		<Email>esoldatov@armd.ru</Email>
		<Category>2</Category>
		<Discharged>0</Discharged>
		<Outside>0</Outside>
	</User>
</Users>