﻿<?xml version="1.0" encoding="UTF-8"?>
<Users>
	<User ID="08796">
		<SirName>МАШАРОВА</SirName>
		<FirstName>ТАТЬЯНА</FirstName>
		<PatronymicName>НИКОЛАЕВНА</PatronymicName>
		<IDManager>01087</IDManager>
		<Department>Департамент финансов</Department>
		<IDDepartment>01054</IDDepartment>
		<Post>Старший бухгалтер</Post>
		<IDPost>00199</IDPost>
		<Email>tmasharova@armd.ru</Email>
		<Category>0</Category>
		<Discharged>1</Discharged>
		<Outside>0</Outside>
	</User>
	<User ID="08600">
		<SirName>ТУКМАНОВ</SirName>
		<FirstName>АНДРЕЙ</FirstName>
		<PatronymicName>АНДРЕЕВИЧ</PatronymicName>
		<IDManager>01000</IDManager>
		<Department>Проектный отдел</Department>
		<IDDepartment>01322</IDDepartment>
		<Post>Директор по технологиям</Post>
		<IDPost>00777</IDPost>
		<Email>atukmanov@rbcsoft.ru</Email>
		<Category>0</Category>
		<Discharged>1</Discharged>
		<Outside>0</Outside>
	</User>
</Users>