﻿<?xml version="1.0" encoding="UTF-8"?>
<Users>
	<User ID="08619">
		<SirName>КОБАШОВА</SirName>
		<FirstName>ЛЮДМИЛА</FirstName>
		<PatronymicName>АЛЕКСЕЕВНА</PatronymicName>
		<IDManager>01087</IDManager>
		<Department>Департамент финансов</Department>
		<IDDepartment>01054</IDDepartment>
		<Post>бухгалтер</Post>
		<IDPost>00005</IDPost>
		<Email>lkobashova@armd.ru</Email>
		<Category>0</Category>
		<Discharged>1</Discharged>
		<Outside>0</Outside>
	</User>
</Users>