﻿<?xml version="1.0" encoding="UTF-8"?>
<Users>
	<User ID="08859">
		<SirName>ЖУКОВА</SirName>
		<FirstName>ЕЛЕНА</FirstName>
		<PatronymicName>ИГОРЕВНА</PatronymicName>
		<IDManager>08575</IDManager>
		<Department>Отдел внедрения систем управления предприятием (Титарев)</Department>
		<IDDepartment>01227</IDDepartment>
		<Post>Аналитик</Post>
		<IDPost>00002</IDPost>
		<Email/>
		<Category>3</Category>
		<Discharged>0</Discharged>
		<Outside>0</Outside>
	</User>
</Users>