﻿<?xml version="1.0" encoding="UTF-8"?>
<Users>
	<User ID="08827">
		<SirName>СОЛДАТОВ</SirName>
		<FirstName>ЕВГЕНИЙ</FirstName>
		<PatronymicName>ВЛАДИМИРОВИЧ</PatronymicName>
		<IDManager>06610</IDManager>
		<Department>Отдел комплексных проектов</Department>
		<IDDepartment>01293</IDDepartment>
		<Post>Верстальщик</Post>
		<IDPost>00453</IDPost>
		<Email>esoldatov@armd.ru</Email>
		<Category>0</Category>
		<Discharged>0</Discharged>
		<Outside>0</Outside>
	</User>
</Users>