﻿<?xml version="1.0" encoding="UTF-8"?>
<Users>
	<User ID="08173">
		<SirName>ЧЕРКАСОВ</SirName>
		<FirstName>ИЛЬЯ</FirstName>
		<PatronymicName>ВЛАДИМИРОВИЧ</PatronymicName>
		<IDManager>07325</IDManager>
		<Department>Отдел комплексных проектов 2 (Кузнецов)</Department>
		<IDDepartment>01171</IDDepartment>
		<Post>Архитектор</Post>
		<IDPost>00728</IDPost>
		<Email>icherkasov@armd.ru</Email>
		<Category>0</Category>
		<Discharged>1</Discharged>
		<Outside>0</Outside>
	</User>
</Users>