﻿<?xml version="1.0" encoding="UTF-8"?>
<Users>
	<User ID="08734">
		<SirName>МИНАЕВ</SirName>
		<FirstName>АЛЕКСЕЙ</FirstName>
		<PatronymicName>ГЕННАДЬЕВИЧ</PatronymicName>
		<IDManager>01114</IDManager>
		<Department>Департамент систем сбора информации</Department>
		<IDDepartment>01295</IDDepartment>
		<Post>инженер-программист</Post>
		<IDPost>00035</IDPost>
		<Email>aminaev@armd.ru</Email>
		<Category>0</Category>
		<Discharged>1</Discharged>
		<Outside>0</Outside>
	</User>
</Users>