﻿<?xml version="1.0" encoding="UTF-8"?>
<Users>
	<User ID="08810">
		<SirName>ЧЕРНОКУР</SirName>
		<FirstName>АЛЕКСЕЙ</FirstName>
		<PatronymicName>АНДРЕЕВИЧ</PatronymicName>
		<IDManager>08809</IDManager>
		<Department>Отдел системного администрирования</Department>
		<IDDepartment>01307</IDDepartment>
		<Post>системный администратор Юникс систем</Post>
		<IDPost>00694</IDPost>
		<Email>achernokur@armd.ru</Email>
		<Category>0</Category>
		<Discharged>0</Discharged>
		<Outside>0</Outside>
	</User>
</Users>