﻿<?xml version="1.0" encoding="UTF-8"?>
<Users>
	<User ID="06845">
		<SirName>КРИЧУН</SirName>
		<FirstName>АЛЕКСАНДР</FirstName>
		<PatronymicName>АЛЕКСАНДРОВИЧ</PatronymicName>
		<IDManager>08331</IDManager>
		<Department>Метатехнологии</Department>
		<IDDepartment>01313</IDDepartment>
		<Post>Аналитик</Post>
		<IDPost>00002</IDPost>
		<Email>akrichun@armd.ru</Email>
		<Category>0</Category>
		<Discharged>1</Discharged>
		<Outside>0</Outside>
	</User>
</Users>