﻿<?xml version="1.0" encoding="UTF-8"?>
<Users>
	<User ID="08661">
		<SirName>ДАНИЛОВ</SirName>
		<FirstName>АРТЕМ</FirstName>
		<PatronymicName>ДМИТРИЕВИЧ</PatronymicName>
		<IDManager>06976</IDManager>
		<Department>Отдел портальных решений (Драгалин)</Department>
		<IDDepartment>01316</IDDepartment>
		<Post>Оператор технической поддержки</Post>
		<IDPost>00770</IDPost>
		<Email/>
		<Category>0</Category>
		<Discharged>1</Discharged>
		<Outside>0</Outside>
	</User>
</Users>