﻿<?xml version="1.0" encoding="UTF-8"?>
<Users>
	<User ID="08858">
		<SirName>ЕЛИСЕЕВА</SirName>
		<FirstName>ОЛЬГА</FirstName>
		<PatronymicName>АЛЕКСАНДРОВНА</PatronymicName>
		<IDManager>08853</IDManager>
		<Department>Бухгалтерия 1 (Макеева)</Department>
		<IDDepartment>01326</IDDepartment>
		<Post>Старший бухгалтер</Post>
		<IDPost>00199</IDPost>
		<Email/>
		<Category>0</Category>
		<Discharged>0</Discharged>
		<Outside>0</Outside>
	</User>
</Users>