﻿<?xml version="1.0" encoding="UTF-8"?>
<Users>
	<User ID="08669">
		<SirName>ЗАЙЦЕВА</SirName>
		<FirstName>СВЕТЛАНА</FirstName>
		<PatronymicName>ЛЕОНТЬЕВНА</PatronymicName>
		<IDManager>07325</IDManager>
		<Department>Отдел комплексных проектов 2 (Кузнецов)</Department>
		<IDDepartment>01171</IDDepartment>
		<Post>Аналитик</Post>
		<IDPost>00002</IDPost>
		<Email>sbrodyanskaya@armd.ru</Email>
		<Category>4</Category>
		<Discharged>0</Discharged>
		<Outside>0</Outside>
	</User>
</Users>