﻿<?xml version="1.0" encoding="UTF-8"?>
<Users>
	<User ID="07314">
		<SirName>АФАНАСЬЕВА</SirName>
		<FirstName>ЕЛИЗАВЕТА</FirstName>
		<PatronymicName>АНДРЕЕВНА</PatronymicName>
		<IDManager>01026</IDManager>
		<Department>Департамент корпоративных продаж (Савчук)</Department>
		<IDDepartment>00747</IDDepartment>
		<Post>ведущий аналитик</Post>
		<IDPost>00211</IDPost>
		<Email>lafanasyeva@armd.ru</Email>
		<Category>5</Category>
		<Discharged>0</Discharged>
		<Outside>0</Outside>
	</User>
</Users>