﻿<?xml version="1.0" encoding="UTF-8"?>
<Users>
	<User ID="08595">
		<SirName>РУСАКОВ</SirName>
		<FirstName>АЛЕКСАНДР</FirstName>
		<PatronymicName>ИВАНОВИЧ</PatronymicName>
		<IDManager/>
		<Department>Отдел администраторов на домашнем телефоне</Department>
		<IDDepartment>01291</IDDepartment>
		<Post>Администратор на домашнем телефоне</Post>
		<IDPost>00432</IDPost>
		<Email/>
		<Category>0</Category>
		<Discharged>1</Discharged>
		<Outside>0</Outside>
	</User>
	<User ID="00920">
		<SirName>СЕМЕНОВА</SirName>
		<FirstName>ЕЛЕНА</FirstName>
		<PatronymicName>ГЕОРГИЕВНА</PatronymicName>
		<IDManager/>
		<Department>Отдел администраторов на домашнем телефоне</Department>
		<IDDepartment>01291</IDDepartment>
		<Post>Администратор на домашнем телефоне</Post>
		<IDPost>00432</IDPost>
		<Email/>
		<Category>0</Category>
		<Discharged>1</Discharged>
		<Outside>0</Outside>
	</User>
	<User ID="08378">
		<SirName>СТРЕЛАВИНА</SirName>
		<FirstName>ЕКАТЕРИНА</FirstName>
		<PatronymicName>МИХАЙЛОВНА</PatronymicName>
		<IDManager/>
		<Department>Отдел администраторов на домашнем телефоне</Department>
		<IDDepartment>01291</IDDepartment>
		<Post>Администратор на домашнем телефоне</Post>
		<IDPost>00432</IDPost>
		<Email/>
		<Category>0</Category>
		<Discharged>1</Discharged>
		<Outside>0</Outside>
	</User>
</Users>