﻿<?xml version="1.0" encoding="UTF-8"?>
<Users>
	<User ID="08809">
		<SirName>САРКИСОВ</SirName>
		<FirstName>АРТЕМ</FirstName>
		<PatronymicName>АВЕДИКОВИЧ</PatronymicName>
		<IDManager>01142</IDManager>
		<Department>Отдел системного администрирования</Department>
		<IDDepartment>01307</IDDepartment>
		<Post>системный администратор</Post>
		<IDPost>00095</IDPost>
		<Email>asarkisov@armd.ru</Email>
		<Category>0</Category>
		<Discharged>0</Discharged>
		<Outside>0</Outside>
	</User>
</Users>