﻿<?xml version="1.0" encoding="UTF-8"?>
<Users>
	<User ID="08902">
		<SirName>ПАРАШИН</SirName>
		<FirstName>АНДРЕЙ</FirstName>
		<PatronymicName>СЕРГЕЕВИЧ</PatronymicName>
		<IDManager>08575</IDManager>
		<Department>Отдел внедрения систем управления предприятием (Титарев)</Department>
		<IDDepartment>01227</IDDepartment>
		<Post>менеджер проектов</Post>
		<IDPost>00052</IDPost>
		<Email/>
		<Category>0</Category>
		<Discharged>0</Discharged>
		<Outside>0</Outside>
	</User>
</Users>