﻿<?xml version="1.0" encoding="UTF-8"?>
<Users>
	<User ID="07289">
		<SirName>РЫЖКОВ</SirName>
		<FirstName>ВЛАДИМИР</FirstName>
		<PatronymicName>ВЛАДИМИРОВИЧ</PatronymicName>
		<IDManager>01000</IDManager>
		<Department>Департамент Интернет-Коммуникаций</Department>
		<IDDepartment>01320</IDDepartment>
		<Post>Директор департамента</Post>
		<IDPost>00129</IDPost>
		<Email>ryzhkov@armd.ru</Email>
		<Category>0</Category>
		<Discharged>1</Discharged>
		<Outside>0</Outside>
	</User>
	<User ID="07175">
		<SirName>ЦУЛИН</SirName>
		<FirstName>АЛЕКСАНДР</FirstName>
		<PatronymicName>ВАСИЛЬЕВИЧ</PatronymicName>
		<IDManager>08051</IDManager>
		<Department>Отдел контент-проектов</Department>
		<IDDepartment>01314</IDDepartment>
		<Post>Ведущий менеджер по работе с клиентами</Post>
		<IDPost>00544</IDPost>
		<Email>atsulin@armd.ru</Email>
		<Category>0</Category>
		<Discharged>1</Discharged>
		<Outside>0</Outside>
	</User>
</Users>