﻿<?xml version="1.0" encoding="UTF-8"?>
<Users>
	<User ID="08759">
		<SirName>КУЗНЕЦОВА</SirName>
		<FirstName>СВЕТЛАНА</FirstName>
		<PatronymicName>ВЯЧЕСЛАВОВНА</PatronymicName>
		<IDManager>01087</IDManager>
		<Department>Департамент финансов</Department>
		<IDDepartment>01054</IDDepartment>
		<Post>Главный бухгалтер</Post>
		<IDPost>00015</IDPost>
		<Email>skuznetsova@armd.ru</Email>
		<Category>5</Category>
		<Discharged>0</Discharged>
		<Outside>0</Outside>
	</User>
</Users>