﻿<?xml version="1.0" encoding="UTF-8"?>
<Users>
	<User ID="08714">
		<SirName>ЯБЛОНСКИХ</SirName>
		<FirstName>АНДРЕЙ</FirstName>
		<PatronymicName>ВИКТОРОВИЧ</PatronymicName>
		<IDManager>01000</IDManager>
		<Department>Департамент Интернет-Коммуникаций</Department>
		<IDDepartment>01320</IDDepartment>
		<Post>Директор по развитию бизнеса</Post>
		<IDPost>00757</IDPost>
		<Email>ayablonskikh@rbcsoft.ru</Email>
		<Category>0</Category>
		<Discharged>1</Discharged>
		<Outside>0</Outside>
	</User>
</Users>