﻿<?xml version="1.0" encoding="UTF-8"?>
<Users>
	<User ID="08856">
		<SirName>ПРЫТКОВ</SirName>
		<FirstName>АРКАДИЙ</FirstName>
		<PatronymicName>ДМИТРИЕВИЧ</PatronymicName>
		<IDManager>04527</IDManager>
		<Department>Отдел комплексных проектов 1 (Тарасов)</Department>
		<IDDepartment>01170</IDDepartment>
		<Post>Аналитик по информационной безопасности</Post>
		<IDPost>00771</IDPost>
		<Email/>
		<Category>0</Category>
		<Discharged>0</Discharged>
		<Outside>0</Outside>
	</User>
</Users>