﻿<?xml version="1.0" encoding="UTF-8"?>
<Users>
	<User ID="08797">
		<SirName>ПРОНЯКИНА</SirName>
		<FirstName>АЛИНА</FirstName>
		<PatronymicName>СЕРГЕЕВНА</PatronymicName>
		<IDManager>01087</IDManager>
		<Department>Департамент финансов</Department>
		<IDDepartment>01054</IDDepartment>
		<Post>секретарь</Post>
		<IDPost>00090</IDPost>
		<Email>apronyakina@armd.ru</Email>
		<Category>2</Category>
		<Discharged>0</Discharged>
		<Outside>0</Outside>
	</User>
</Users>