﻿<?xml version="1.0" encoding="UTF-8"?>
<Users>
	<User ID="08806">
		<SirName>МАЛЬЦЕВА</SirName>
		<FirstName>АНАСТАСИЯ</FirstName>
		<PatronymicName>НИКОЛАЕВНА</PatronymicName>
		<IDManager>04527</IDManager>
		<Department>Отдел комплексных проектов 1 (Тарасов)</Department>
		<IDDepartment>01170</IDDepartment>
		<Post>Аналитик</Post>
		<IDPost>00002</IDPost>
		<Email>amaltseva@armd.ru</Email>
		<Category>4</Category>
		<Discharged>0</Discharged>
		<Outside>0</Outside>
	</User>
</Users>