﻿<?xml version="1.0" encoding="UTF-8"?>
<Users>
	<User ID="08760">
		<SirName>БЛИНЧИКОВ</SirName>
		<FirstName>АЛЕКСАНДР</FirstName>
		<PatronymicName>ЕВГЕНЬЕВИЧ</PatronymicName>
		<IDManager>06976</IDManager>
		<Department>Отдел портальных решений (Драгалин)</Department>
		<IDDepartment>01316</IDDepartment>
		<Post>Инженер-тестировщик</Post>
		<IDPost>00654</IDPost>
		<Email>ablinchikov@armd.ru</Email>
		<Category>3</Category>
		<Discharged>0</Discharged>
		<Outside>0</Outside>
	</User>
	<User ID="08755">
		<SirName>БЛОХИНА</SirName>
		<FirstName>ДАРЬЯ</FirstName>
		<PatronymicName>ВЛАДИМИРОВНА</PatronymicName>
		<IDManager>01114</IDManager>
		<Department>Департамент систем сбора информации</Department>
		<IDDepartment>01295</IDDepartment>
		<Post>Аналитик</Post>
		<IDPost>00002</IDPost>
		<Email>dblohina@armd.ru</Email>
		<Category>4</Category>
		<Discharged>0</Discharged>
		<Outside>0</Outside>
	</User>
	<User ID="08793">
		<SirName>БУЛАХОВА</SirName>
		<FirstName>ТАМАРА</FirstName>
		<PatronymicName>ИГОРЕВНА</PatronymicName>
		<IDManager>01087</IDManager>
		<Department>Департамент финансов</Department>
		<IDDepartment>01054</IDDepartment>
		<Post>бухгалтер</Post>
		<IDPost>00005</IDPost>
		<Email>tbulahova@armd.ru</Email>
		<Category>2</Category>
		<Discharged>0</Discharged>
		<Outside>0</Outside>
	</User>
	<User ID="08460">
		<SirName>ЗЕЛИНСКИЙ</SirName>
		<FirstName>АЛЕКСАНДР</FirstName>
		<PatronymicName>ВАЛЕРЬЕВИЧ</PatronymicName>
		<IDManager>01142</IDManager>
		<Department>Технический департамент</Department>
		<IDDepartment>01266</IDDepartment>
		<Post>инженер-системотехник</Post>
		<IDPost>00037</IDPost>
		<Email>azelinskiy@armd.ru</Email>
		<Category>2</Category>
		<Discharged>0</Discharged>
		<Outside>0</Outside>
	</User>
	<User ID="08795">
		<SirName>КОНОВАЛОВА</SirName>
		<FirstName>ДАРЬЯ</FirstName>
		<PatronymicName>ВАЛЕРЬЯНОВНА</PatronymicName>
		<IDManager>01000</IDManager>
		<Department>Коммерческий отдел</Department>
		<IDDepartment>01321</IDDepartment>
		<Post>менеджер по работе с клиентами</Post>
		<IDPost>00051</IDPost>
		<Email/>
		<Category>1</Category>
		<Discharged>0</Discharged>
		<Outside>0</Outside>
	</User>
	<User ID="06566">
		<SirName>КУБАЙ</SirName>
		<FirstName>ОЛЬГА</FirstName>
		<PatronymicName>СЕРГЕЕВНА</PatronymicName>
		<IDManager>00982</IDManager>
		<Department>Зам.генерального директора по финансовым вопросам (Кубай)</Department>
		<IDDepartment>01298</IDDepartment>
		<Post>Заместитель генерального директора по финансовым вопросам</Post>
		<IDPost>00732</IDPost>
		<Email>okubay@armd.ru</Email>
		<Category>7</Category>
		<Discharged>0</Discharged>
		<Outside>0</Outside>
	</User>
	<User ID="08478">
		<SirName>КУЛИКОВ</SirName>
		<FirstName>ИЛЬЯ</FirstName>
		<PatronymicName>ВЛАДИМИРОВИЧ</PatronymicName>
		<IDManager>01088</IDManager>
		<Department>Департамент информационных систем управления (Каушанский)</Department>
		<IDDepartment>01226</IDDepartment>
		<Post>Ведущий инженер-программист</Post>
		<IDPost>00267</IDPost>
		<Email>ikulikov@armd.ru</Email>
		<Category>6</Category>
		<Discharged>0</Discharged>
		<Outside>0</Outside>
	</User>
	<User ID="08772">
		<SirName>КУШАКОВА</SirName>
		<FirstName>АННА</FirstName>
		<PatronymicName>МИХАЙЛОВНА</PatronymicName>
		<IDManager>01026</IDManager>
		<Department>Департамент корпоративных продаж (Савчук)</Department>
		<IDDepartment>00747</IDDepartment>
		<Post>менеджер по маркетингу</Post>
		<IDPost>00135</IDPost>
		<Email>akushakova@armd.ru</Email>
		<Category>2</Category>
		<Discharged>0</Discharged>
		<Outside>0</Outside>
	</User>
	<User ID="08687">
		<SirName>МАЛЫШЕВ</SirName>
		<FirstName>РОМАН</FirstName>
		<PatronymicName>ГЕОРГИЕВИЧ</PatronymicName>
		<IDManager>01026</IDManager>
		<Department>Департамент корпоративных продаж (Савчук)</Department>
		<IDDepartment>00747</IDDepartment>
		<Post>Директор по маркетингу</Post>
		<IDPost>00557</IDPost>
		<Email>rmalyshev@armd.ru</Email>
		<Category>5</Category>
		<Discharged>0</Discharged>
		<Outside>0</Outside>
	</User>
	<User ID="08763">
		<SirName>МАРТЫНОВСКАЯ</SirName>
		<FirstName>НАТАЛЬЯ</FirstName>
		<PatronymicName>ВЛАДИМИРОВНА</PatronymicName>
		<IDManager>01074</IDManager>
		<Department>Отдел интеграционных решений</Department>
		<IDDepartment>01234</IDDepartment>
		<Post>Руководитель проектов</Post>
		<IDPost>00285</IDPost>
		<Email>nmartynovskaya@armd.ru</Email>
		<Category>6</Category>
		<Discharged>0</Discharged>
		<Outside>0</Outside>
	</User>
	<User ID="08799">
		<SirName>ОВЧИННИКОВ</SirName>
		<FirstName>ОЛЕГ</FirstName>
		<PatronymicName>ВИТАЛЬЕВИЧ</PatronymicName>
		<IDManager>00979</IDManager>
		<Department>Генеральный директор Кругляков Р.А.</Department>
		<IDDepartment>00733</IDDepartment>
		<Post>Аналитик по информационной безопасности</Post>
		<IDPost>00771</IDPost>
		<Email/>
		<Category>0</Category>
		<Discharged>0</Discharged>
		<Outside>0</Outside>
	</User>
	<User ID="08769">
		<SirName>ПАНАРИН</SirName>
		<FirstName>АЛЕКСАНДР</FirstName>
		<PatronymicName>СЕРГЕЕВИЧ</PatronymicName>
		<IDManager>01026</IDManager>
		<Department>Департамент корпоративных продаж (Савчук)</Department>
		<IDDepartment>00747</IDDepartment>
		<Post>менеджер по работе с клиентами</Post>
		<IDPost>00051</IDPost>
		<Email>apanarin@armd.ru</Email>
		<Category>5</Category>
		<Discharged>0</Discharged>
		<Outside>0</Outside>
	</User>
	<User ID="08758">
		<SirName>САЛТЫКОВА</SirName>
		<FirstName>НАТАЛЬЯ</FirstName>
		<PatronymicName>АНАТОЛЬЕВНА</PatronymicName>
		<IDManager>06976</IDManager>
		<Department>Отдел портальных решений (Драгалин)</Department>
		<IDDepartment>01316</IDDepartment>
		<Post>ведущий аналитик</Post>
		<IDPost>00211</IDPost>
		<Email>nsaltykova@armd.ru</Email>
		<Category>5</Category>
		<Discharged>0</Discharged>
		<Outside>0</Outside>
	</User>
	<User ID="08757">
		<SirName>СМИРНОВ</SirName>
		<FirstName>ДМИТРИЙ</FirstName>
		<PatronymicName>АЛЕКСАНДРОВИЧ</PatronymicName>
		<IDManager>06976</IDManager>
		<Department>Отдел портальных решений (Драгалин)</Department>
		<IDDepartment>01316</IDDepartment>
		<Post>инженер-программист</Post>
		<IDPost>00035</IDPost>
		<Email>dsmirnov@armd.ru</Email>
		<Category>5</Category>
		<Discharged>0</Discharged>
		<Outside>0</Outside>
	</User>
	<User ID="08764">
		<SirName>СУХОВ</SirName>
		<FirstName>ЮРИЙ</FirstName>
		<PatronymicName>ВАЛЕРЬЕВИЧ</PatronymicName>
		<IDManager>06976</IDManager>
		<Department>Отдел портальных решений (Драгалин)</Department>
		<IDDepartment>01316</IDDepartment>
		<Post>инженер-программист</Post>
		<IDPost>00035</IDPost>
		<Email>ysuhov@armd.ru</Email>
		<Category>5</Category>
		<Discharged>0</Discharged>
		<Outside>0</Outside>
	</User>
	<User ID="08753">
		<SirName>ТЮТЮКИН</SirName>
		<FirstName>ВИКТОР</FirstName>
		<PatronymicName>ВИКТОРОВИЧ</PatronymicName>
		<IDManager>07325</IDManager>
		<Department>Отдел комплексных проектов 2 (Кузнецов)</Department>
		<IDDepartment>01171</IDDepartment>
		<Post>инженер-программист</Post>
		<IDPost>00035</IDPost>
		<Email>vtutukin@armd.ru</Email>
		<Category>2</Category>
		<Discharged>0</Discharged>
		<Outside>0</Outside>
	</User>
	<User ID="08773">
		<SirName>ЧИЛИКИН</SirName>
		<FirstName>КИРИЛЛ</FirstName>
		<PatronymicName>АЛЕКСАНДРОВИЧ</PatronymicName>
		<IDManager>08650</IDManager>
		<Department>Департамент региональной автоматизации государственных услуг</Department>
		<IDDepartment>01318</IDDepartment>
		<Post>инженер-программист</Post>
		<IDPost>00035</IDPost>
		<Email>kchilikin@armd.ru</Email>
		<Category>5</Category>
		<Discharged>0</Discharged>
		<Outside>0</Outside>
	</User>
	<User ID="08743">
		<SirName>ШАМЫЧКОВА</SirName>
		<FirstName>МАРИНА</FirstName>
		<PatronymicName>АЛЕКСАНДРОВНА</PatronymicName>
		<IDManager>06976</IDManager>
		<Department>Отдел портальных решений (Драгалин)</Department>
		<IDDepartment>01316</IDDepartment>
		<Post>Руководитель проектов</Post>
		<IDPost>00285</IDPost>
		<Email>mshamychkova@armd.ru</Email>
		<Category>0</Category>
		<Discharged>1</Discharged>
		<Outside>0</Outside>
	</User>
	<User ID="08678">
		<SirName>ШАУРО</SirName>
		<FirstName>ЕВГЕНИЙ</FirstName>
		<PatronymicName>АНАТОЛЬЕВИЧ</PatronymicName>
		<IDManager>04527</IDManager>
		<Department>Отдел комплексных проектов 1 (Тарасов)</Department>
		<IDDepartment>01170</IDDepartment>
		<Post>Аналитик по информационной безопасности</Post>
		<IDPost>00771</IDPost>
		<Email>eshauro@armd.ru</Email>
		<Category>0</Category>
		<Discharged>1</Discharged>
		<Outside>0</Outside>
	</User>
	<User ID="08794">
		<SirName>ЮРКОВА</SirName>
		<FirstName>АЛЕКСАНДРА</FirstName>
		<PatronymicName>ВАСИЛЬЕВНА</PatronymicName>
		<IDManager>01087</IDManager>
		<Department>Департамент финансов</Department>
		<IDDepartment>01054</IDDepartment>
		<Post>Старший бухгалтер</Post>
		<IDPost>00199</IDPost>
		<Email/>
		<Category>4</Category>
		<Discharged>0</Discharged>
		<Outside>0</Outside>
	</User>
</Users>