﻿<?xml version="1.0" encoding="UTF-8"?>
<Users>
	<User ID="08830">
		<SirName>МАТВЕЕВА</SirName>
		<FirstName>АННА</FirstName>
		<PatronymicName>ВЛАДИМИРОВНА</PatronymicName>
		<IDManager>01074</IDManager>
		<Department>Департамент корпоративных решений</Department>
		<IDDepartment>00732</IDDepartment>
		<Post>ведущий аналитик</Post>
		<IDPost>00211</IDPost>
		<Email>amatveeva@armd.ru</Email>
		<Category>6</Category>
		<Discharged>0</Discharged>
		<Outside>0</Outside>
	</User>
</Users>