﻿<?xml version="1.0" encoding="UTF-8"?>
<Users>
	<User ID="07863">
		<SirName>ВЛАСОВ</SirName>
		<FirstName>ЕВГЕНИЙ</FirstName>
		<PatronymicName>АЛЕКСАНДРОВИЧ</PatronymicName>
		<IDManager>01088</IDManager>
		<Department>Департамент информационных систем управления (Каушанский)</Department>
		<IDDepartment>01226</IDDepartment>
		<Post>ведущий менеджер проектов</Post>
		<IDPost>00630</IDPost>
		<Email>evlasov@armd.ru</Email>
		<Category>0</Category>
		<Discharged>1</Discharged>
		<Outside>0</Outside>
	</User>
</Users>