﻿<?xml version="1.0" encoding="UTF-8"?>
<Users>
	<User ID="08851">
		<SirName>ДРОГАЛИН</SirName>
		<FirstName>ВАДИМ</FirstName>
		<PatronymicName>ВАЛЕРЬЕВИЧ</PatronymicName>
		<IDManager>08051</IDManager>
		<Department>Отдел контент-проектов</Department>
		<IDDepartment>01314</IDDepartment>
		<Post>Руководитель проектов</Post>
		<IDPost>00285</IDPost>
		<Email/>
		<Category>6</Category>
		<Discharged>0</Discharged>
		<Outside>0</Outside>
	</User>
</Users>