﻿<?xml version="1.0" encoding="UTF-8"?>
<Users>
	<User ID="08838">
		<SirName>ТАШКИНОВА</SirName>
		<FirstName>ТАТЬЯНА</FirstName>
		<PatronymicName>НИКОЛАЕВНА</PatronymicName>
		<IDManager>01087</IDManager>
		<Department>Департамент финансов</Department>
		<IDDepartment>01054</IDDepartment>
		<Post>Старший бухгалтер</Post>
		<IDPost>00199</IDPost>
		<Email/>
		<Category>3</Category>
		<Discharged>0</Discharged>
		<Outside>0</Outside>
	</User>
</Users>