﻿<?xml version="1.0" encoding="UTF-8"?>
<Users>
	<User ID="08834">
		<SirName>ИВАНКОВА</SirName>
		<FirstName>АНАСТАСИЯ</FirstName>
		<PatronymicName>ВИКТОРОВНА</PatronymicName>
		<IDManager>00945</IDManager>
		<Department>Администрация АРМАДА СОФТ</Department>
		<IDDepartment>00731</IDDepartment>
		<Post>Менеджер по подбору персонала</Post>
		<IDPost>00478</IDPost>
		<Email/>
		<Category>5</Category>
		<Discharged>0</Discharged>
		<Outside>0</Outside>
	</User>
</Users>