﻿<?xml version="1.0" encoding="UTF-8"?>
<Users>
	<User ID="08710">
		<SirName>ВАСЮНИН</SirName>
		<FirstName>АЛЕКСАНДР</FirstName>
		<PatronymicName>ВИКТОРОВИЧ</PatronymicName>
		<IDManager>04527</IDManager>
		<Department>Отдел комплексных проектов 1 (Тарасов)</Department>
		<IDDepartment>01170</IDDepartment>
		<Post>Аналитик по информационной безопасности</Post>
		<IDPost>00771</IDPost>
		<Email>avasunin@armd.ru</Email>
		<Category>0</Category>
		<Discharged>1</Discharged>
		<Outside>0</Outside>
	</User>
</Users>