﻿<?xml version="1.0" encoding="UTF-8"?>
<Users>
	<User ID="07797">
		<SirName>СОЛОВЬЕВ</SirName>
		<FirstName>АЛЕКСЕЙ</FirstName>
		<PatronymicName>АЛЕКСАНДРОВИЧ</PatronymicName>
		<IDManager>08809</IDManager>
		<Department>Отдел системного администрирования</Department>
		<IDDepartment>01307</IDDepartment>
		<Post>Начальник отдела</Post>
		<IDPost>00153</IDPost>
		<Email>a.solovyov@armd.ru</Email>
		<Category>0</Category>
		<Discharged>1</Discharged>
		<Outside>0</Outside>
	</User>
</Users>