﻿<?xml version="1.0" encoding="UTF-8"?>
<Users>
	<User ID="08745">
		<SirName>БУРЬЯНОВА</SirName>
		<FirstName>ЕЛЕНА</FirstName>
		<PatronymicName>ВЛАДИМИРОВНА</PatronymicName>
		<IDManager>01088</IDManager>
		<Department>Департамент информационных систем управления (Каушанский)</Department>
		<IDDepartment>01226</IDDepartment>
		<Post>Аналитик</Post>
		<IDPost>00002</IDPost>
		<Email>eburyanova@armd.ru</Email>
		<Category>0</Category>
		<Discharged>1</Discharged>
		<Outside>0</Outside>
	</User>
	<User ID="08752">
		<SirName>РЫЖКОВА</SirName>
		<FirstName>ДАРЬЯ</FirstName>
		<PatronymicName>СТАНИСЛАВОВНА</PatronymicName>
		<IDManager>04527</IDManager>
		<Department>Отдел комплексных проектов 1 (Тарасов)</Department>
		<IDDepartment>01170</IDDepartment>
		<Post>Аналитик</Post>
		<IDPost>00002</IDPost>
		<Email>dryzhkova@armd.ru</Email>
		<Category>0</Category>
		<Discharged>1</Discharged>
		<Outside>0</Outside>
	</User>
</Users>