﻿<?xml version="1.0" encoding="UTF-8"?>
<Users>
	<User ID="08681">
		<SirName>ДАНИЛЕВСКИЙ</SirName>
		<FirstName>ВАДИМ</FirstName>
		<PatronymicName>ГЕННАДЬЕВИЧ</PatronymicName>
		<IDManager>01087</IDManager>
		<Department>Департамент финансов</Department>
		<IDDepartment>01054</IDDepartment>
		<Post>Старший бухгалтер</Post>
		<IDPost>00199</IDPost>
		<Email/>
		<Category>4</Category>
		<Discharged>0</Discharged>
		<Outside>0</Outside>
	</User>
</Users>