﻿<?xml version="1.0" encoding="UTF-8"?>
<Users>
	<User ID="08874">
		<SirName>АЩЕУЛОВ</SirName>
		<FirstName>ЕВГЕНИЙ</FirstName>
		<PatronymicName>СЕРГЕЕВИЧ</PatronymicName>
		<IDManager>05640</IDManager>
		<Department>Департамент комплексных проектов</Department>
		<IDDepartment>00734</IDDepartment>
		<Post>Системный аналитик</Post>
		<IDPost>00209</IDPost>
		<Email/>
		<Category>0</Category>
		<Discharged>0</Discharged>
		<Outside>0</Outside>
	</User>
	<User ID="08875">
		<SirName>БЕЛАВИН</SirName>
		<FirstName>ВАЛЕРИЙ</FirstName>
		<PatronymicName>ВАЛЕРЬЕВИЧ</PatronymicName>
		<IDManager>05640</IDManager>
		<Department>Департамент комплексных проектов</Department>
		<IDDepartment>00734</IDDepartment>
		<Post>Ведущий архитектор</Post>
		<IDPost>00195</IDPost>
		<Email/>
		<Category>0</Category>
		<Discharged>0</Discharged>
		<Outside>0</Outside>
	</User>
	<User ID="08876">
		<SirName>БОБОРЫКИН</SirName>
		<FirstName>АЛЕКСЕЙ</FirstName>
		<PatronymicName>ИГОРЕВИЧ</PatronymicName>
		<IDManager>05640</IDManager>
		<Department>Департамент комплексных проектов</Department>
		<IDDepartment>00734</IDDepartment>
		<Post>инженер-программист</Post>
		<IDPost>00035</IDPost>
		<Email/>
		<Category>0</Category>
		<Discharged>0</Discharged>
		<Outside>0</Outside>
	</User>
	<User ID="08872">
		<SirName>БУЯНОВА</SirName>
		<FirstName>ОЛЬГА</FirstName>
		<PatronymicName>АЛЕКСАНДРОВНА</PatronymicName>
		<IDManager>08650</IDManager>
		<Department>Департамент региональной автоматизации государственных услуг</Department>
		<IDDepartment>01318</IDDepartment>
		<Post>Аналитик</Post>
		<IDPost>00002</IDPost>
		<Email/>
		<Category>0</Category>
		<Discharged>0</Discharged>
		<Outside>0</Outside>
	</User>
	<User ID="08873">
		<SirName>ВОЛКОВА</SirName>
		<FirstName>НАТАЛЬЯ</FirstName>
		<PatronymicName>ВЛАДИМИРОВНА</PatronymicName>
		<IDManager>08650</IDManager>
		<Department>Департамент региональной автоматизации государственных услуг</Department>
		<IDDepartment>01318</IDDepartment>
		<Post>Руководитель проектов</Post>
		<IDPost>00285</IDPost>
		<Email/>
		<Category>0</Category>
		<Discharged>0</Discharged>
		<Outside>0</Outside>
	</User>
	<User ID="08877">
		<SirName>ЗАЦЕПИН</SirName>
		<FirstName>АЛЕКСАНДР</FirstName>
		<PatronymicName>ВЛАДИСЛАВОВИЧ</PatronymicName>
		<IDManager>05640</IDManager>
		<Department>Департамент комплексных проектов</Department>
		<IDDepartment>00734</IDDepartment>
		<Post>Программист</Post>
		<IDPost>00662</IDPost>
		<Email/>
		<Category>0</Category>
		<Discharged>0</Discharged>
		<Outside>0</Outside>
	</User>
	<User ID="08878">
		<SirName>КИЩЕНКО</SirName>
		<FirstName>ИВАН</FirstName>
		<PatronymicName>СЕРГЕЕВИЧ</PatronymicName>
		<IDManager>05640</IDManager>
		<Department>Департамент комплексных проектов</Department>
		<IDDepartment>00734</IDDepartment>
		<Post>системный администратор</Post>
		<IDPost>00095</IDPost>
		<Email/>
		<Category>0</Category>
		<Discharged>0</Discharged>
		<Outside>0</Outside>
	</User>
	<User ID="08879">
		<SirName>ЛЕОНОВ</SirName>
		<FirstName>ВЛАДИМИР</FirstName>
		<PatronymicName>НИКОЛАЕВИЧ</PatronymicName>
		<IDManager>05640</IDManager>
		<Department>Департамент комплексных проектов</Department>
		<IDDepartment>00734</IDDepartment>
		<Post>Бизнес-аналитик</Post>
		<IDPost>00375</IDPost>
		<Email/>
		<Category>0</Category>
		<Discharged>0</Discharged>
		<Outside>0</Outside>
	</User>
	<User ID="08880">
		<SirName>МЕШКОВ</SirName>
		<FirstName>ВЯЧЕСЛАВ</FirstName>
		<PatronymicName>ВАСИЛЬЕВИЧ</PatronymicName>
		<IDManager>05640</IDManager>
		<Department>Департамент комплексных проектов</Department>
		<IDDepartment>00734</IDDepartment>
		<Post>Программист</Post>
		<IDPost>00662</IDPost>
		<Email/>
		<Category>0</Category>
		<Discharged>0</Discharged>
		<Outside>0</Outside>
	</User>
	<User ID="08881">
		<SirName>МУКОВНИКОВ</SirName>
		<FirstName>АНДРЕЙ</FirstName>
		<PatronymicName>СЕРГЕЕВИЧ</PatronymicName>
		<IDManager>05640</IDManager>
		<Department>Департамент комплексных проектов</Department>
		<IDDepartment>00734</IDDepartment>
		<Post>инженер-программист</Post>
		<IDPost>00035</IDPost>
		<Email/>
		<Category>0</Category>
		<Discharged>0</Discharged>
		<Outside>0</Outside>
	</User>
	<User ID="08882">
		<SirName>СТОЛЯРОВ</SirName>
		<FirstName>СЕРГЕЙ</FirstName>
		<PatronymicName>ВАСИЛЬЕВИЧ</PatronymicName>
		<IDManager>05640</IDManager>
		<Department>Департамент комплексных проектов</Department>
		<IDDepartment>00734</IDDepartment>
		<Post>Системный программист</Post>
		<IDPost>00783</IDPost>
		<Email/>
		<Category>0</Category>
		<Discharged>0</Discharged>
		<Outside>0</Outside>
	</User>
</Users>