﻿<?xml version="1.0" encoding="UTF-8"?>
<Users>
	<User ID="08886">
		<SirName>КУХАРЕВА</SirName>
		<FirstName>ОЛЬГА</FirstName>
		<PatronymicName>ЮРЬЕВНА</PatronymicName>
		<IDManager>01114</IDManager>
		<Department>Департамент систем сбора информации</Department>
		<IDDepartment>01295</IDDepartment>
		<Post>Бизнес-аналитик</Post>
		<IDPost>00375</IDPost>
		<Email/>
		<Category>0</Category>
		<Discharged>1</Discharged>
		<Outside>0</Outside>
	</User>
</Users>