﻿<?xml version="1.0" encoding="UTF-8"?>
<Users>
	<User ID="08781">
		<SirName>ДАВЫДОВА</SirName>
		<FirstName>ЮЛИЯ</FirstName>
		<PatronymicName>СЕРГЕЕВНА</PatronymicName>
		<IDManager>07325</IDManager>
		<Department>Отдел комплексных проектов 2 (Кузнецов)</Department>
		<IDDepartment>01171</IDDepartment>
		<Post>Аналитик</Post>
		<IDPost>00002</IDPost>
		<Email>jdavydova@armd.ru</Email>
		<Category>0</Category>
		<Discharged>1</Discharged>
		<Outside>0</Outside>
	</User>
	<User ID="08731">
		<SirName>КАЙТАЗ</SirName>
		<FirstName>АЛЕКСЕЙ</FirstName>
		<PatronymicName>АЛЕКСАНДРОВИЧ</PatronymicName>
		<IDManager>04527</IDManager>
		<Department>Отдел комплексных проектов 1 (Тарасов)</Department>
		<IDDepartment>01170</IDDepartment>
		<Post>системный администратор</Post>
		<IDPost>00095</IDPost>
		<Email>akaytaz@armd.ru</Email>
		<Category>0</Category>
		<Discharged>1</Discharged>
		<Outside>0</Outside>
	</User>
	<User ID="08711">
		<SirName>ПРОТОПОПОВ</SirName>
		<FirstName>СЕРГЕЙ</FirstName>
		<PatronymicName>ВЛАДИМИРОВИЧ</PatronymicName>
		<IDManager>05640</IDManager>
		<Department>Департамент комплексных проектов</Department>
		<IDDepartment>00734</IDDepartment>
		<Post>Системный аналитик</Post>
		<IDPost>00209</IDPost>
		<Email>sprotopopov@armd.ru</Email>
		<Category>0</Category>
		<Discharged>1</Discharged>
		<Outside>0</Outside>
	</User>
</Users>