﻿<?xml version="1.0" encoding="UTF-8"?>
<Users>
	<User ID="08436">
		<SirName>ЧАЛИН</SirName>
		<FirstName>ИВАН</FirstName>
		<PatronymicName>ВИКТОРОВИЧ</PatronymicName>
		<IDManager>06976</IDManager>
		<Department>Отдел портальных решений (Драгалин)</Department>
		<IDDepartment>01316</IDDepartment>
		<Post>менеджер проектов</Post>
		<IDPost>00052</IDPost>
		<Email>ivan@armd.ru</Email>
		<Category>0</Category>
		<Discharged>1</Discharged>
		<Outside>0</Outside>
	</User>
</Users>