﻿<?xml version="1.0" encoding="UTF-8"?>
<Users>
	<User ID="08719">
		<SirName>БОКАРЕВ</SirName>
		<FirstName>ДЕНИС</FirstName>
		<PatronymicName>АЛЕКСЕЕВИЧ</PatronymicName>
		<IDManager>01000</IDManager>
		<Department>Проектный отдел</Department>
		<IDDepartment>01322</IDDepartment>
		<Post>менеджер проектов</Post>
		<IDPost>00052</IDPost>
		<Email>dbokarev@rbcsoft.ru</Email>
		<Category>0</Category>
		<Discharged>1</Discharged>
		<Outside>0</Outside>
	</User>
</Users>