﻿<?xml version="1.0" encoding="UTF-8"?>
<Users>
	<User ID="00997">
		<SirName>МИЛОСЕРДОВА</SirName>
		<FirstName>ЕКАТЕРИНА</FirstName>
		<PatronymicName>ГЕННАДЬЕВНА</PatronymicName>
		<IDManager>01000</IDManager>
		<Department>Департамент интернет-проектов</Department>
		<IDDepartment>00742</IDDepartment>
		<Post>Начальник отдела</Post>
		<IDPost>00153</IDPost>
		<Email>katm@rbc.ru</Email>
		<Category>0</Category>
		<Discharged>1</Discharged>
		<Outside>0</Outside>
	</User>
</Users>