﻿<?xml version="1.0" encoding="UTF-8"?>
<Users>
	<User ID="08847">
		<SirName>БРАГИН</SirName>
		<FirstName>АНДРЕЙ</FirstName>
		<PatronymicName>СЕРГЕЕВИЧ</PatronymicName>
		<IDManager>01142</IDManager>
		<Department>Технический департамент</Department>
		<IDDepartment>01266</IDDepartment>
		<Post>системный администратор</Post>
		<IDPost>00095</IDPost>
		<Email/>
		<Category>4</Category>
		<Discharged>0</Discharged>
		<Outside>0</Outside>
	</User>
</Users>