﻿<?xml version="1.0" encoding="UTF-8"?>
<Users>
	<User ID="08869">
		<SirName>ВОРОБЬЕВА</SirName>
		<FirstName>ЕКАТЕРИНА</FirstName>
		<PatronymicName>СЕРГЕЕВНА</PatronymicName>
		<IDManager>04658</IDManager>
		<Department>Бухгалтерия 2 (Култашева)</Department>
		<IDDepartment>01327</IDDepartment>
		<Post>бухгалтер</Post>
		<IDPost>00005</IDPost>
		<Email/>
		<Category>0</Category>
		<Discharged>1</Discharged>
		<Outside>0</Outside>
	</User>
</Users>