﻿<?xml version="1.0" encoding="UTF-8"?>
<Users>
	<User ID="08835">
		<SirName>ПОПОВ</SirName>
		<FirstName>АЛЕКСЕЙ</FirstName>
		<PatronymicName>ВАСИЛЬЕВИЧ</PatronymicName>
		<IDManager>08575</IDManager>
		<Department>Отдел внедрения систем управления предприятием (Титарев)</Department>
		<IDDepartment>01227</IDDepartment>
		<Post>Аналитик</Post>
		<IDPost>00002</IDPost>
		<Email/>
		<Category>0</Category>
		<Discharged>1</Discharged>
		<Outside>0</Outside>
	</User>
</Users>